feature,importance_mean,importance_std
merchant,0.6397362449062743,0.007385143771860611
amount,0.2096391101591312,0.005382532432196986
category,0.03279567431437232,0.0017868455177322117
customer,0.021666217913452423,0.0016285838529849245
zipcodeOri,0.0,0.0
zipMerchant,0.0,0.0
step,-2.859897408646894e-06,4.136897237605957e-06
gender,-0.0009521493253122016,0.0006685620816258117
age,-0.0009843802580877803,0.001038204008809415
